,CurrencyKey,TotalEngagements,AvgEngagementScore
count,33.0,33.0,33.0
mean,39.878787878787875,1243.121212121212,7.530512272424242
std,22.37151868972798,2601.2716452436266,13.735441039197521
min,1.0,0.0,0.0
25%,22.0,0.0,0.0
50%,43.0,0.0,0.0
75%,58.0,1678.0,13.21097046
max,74.0,13114.0,55.10084034
